{
    "status": "ok",
    "datas": {
        "mitre_cwe": {
            "cwe_spider": {
                "fa82da5805c011eebc85186024460aff": {
                    "log_path": "C:\\Users\\User\\Desktop\\Scrapping\\mitre_cwe\\logs\\mitre_cwe\\cwe_spider\\fa82da5805c011eebc85186024460aff.log",
                    "json_path": "C:\\Users\\User\\Desktop\\Scrapping\\mitre_cwe\\logs\\mitre_cwe\\cwe_spider\\fa82da5805c011eebc85186024460aff.json",
                    "json_url": "http://127.0.0.1:6800/logs/mitre_cwe/cwe_spider/fa82da5805c011eebc85186024460aff.json",
                    "size": 8944,
                    "position": 8944,
                    "status": "ok",
                    "pages": 2,
                    "items": 1,
                    "first_log_time": "2023-06-08 11:24:52",
                    "latest_log_time": "2023-06-08 11:24:54",
                    "runtime": "0:00:02",
                    "shutdown_reason": "N/A",
                    "finish_reason": "finished",
                    "last_update_time": "2023-06-08 11:25:27"
                },
                "2023-06-08T11_26_43": {
                    "log_path": "C:\\Users\\User\\Desktop\\Scrapping\\mitre_cwe\\logs\\mitre_cwe\\cwe_spider\\2023-06-08T11_26_43.log",
                    "json_path": "C:\\Users\\User\\Desktop\\Scrapping\\mitre_cwe\\logs\\mitre_cwe\\cwe_spider\\2023-06-08T11_26_43.json",
                    "json_url": "http://127.0.0.1:6800/logs/mitre_cwe/cwe_spider/2023-06-08T11_26_43.json",
                    "size": 8932,
                    "position": 8932,
                    "status": "ok",
                    "pages": 2,
                    "items": 1,
                    "first_log_time": "2023-06-08 11:26:51",
                    "latest_log_time": "2023-06-08 11:26:54",
                    "runtime": "0:00:03",
                    "shutdown_reason": "N/A",
                    "finish_reason": "finished",
                    "last_update_time": "2023-06-08 11:26:57"
                }
            }
        }
    },
    "settings_py": "C:/Users/User/Desktop/Scrapping/venv/Lib/site-packages/logparser/settings.py",
    "settings": {
        "scrapyd_server": "127.0.0.1:6800",
        "scrapyd_logs_dir": "C:\\Users\\User\\Desktop\\Scrapping\\mitre_cwe\\logs",
        "parse_round_interval": 10,
        "enable_telnet": true,
        "override_telnet_console_host": "",
        "log_encoding": "utf-8",
        "log_extensions": [
            ".log",
            ".txt"
        ],
        "log_head_lines": 100,
        "log_tail_lines": 200,
        "log_categories_limit": 10,
        "jobs_to_keep": 100,
        "chunk_size": 10000000,
        "delete_existing_json_files_at_startup": false,
        "keep_data_in_memory": false,
        "verbose": false,
        "main_pid": 0
    },
    "last_update_timestamp": 1686304911,
    "last_update_time": "2023-06-09 15:31:51",
    "logparser_version": "0.8.2"
}