{
    "log_path": "C:\\Users\\User\\Desktop\\Scrapping\\mitre_cwe\\logs\\mitre_cwe\\cwe_spider\\fa82da5805c011eebc85186024460aff.log",
    "json_path": "C:\\Users\\User\\Desktop\\Scrapping\\mitre_cwe\\logs\\mitre_cwe\\cwe_spider\\fa82da5805c011eebc85186024460aff.json",
    "json_url": "http://127.0.0.1:6800/logs/mitre_cwe/cwe_spider/fa82da5805c011eebc85186024460aff.json",
    "size": 8944,
    "position": 8944,
    "status": "ok",
    "_head": 100,
    "head": "2023-06-08 11:24:52 [scrapy.utils.log] INFO: Scrapy 2.8.0 started (bot: mitre_cwe)\n2023-06-08 11:24:52 [scrapy.utils.log] INFO: Versions: lxml 4.9.2.0, libxml2 2.9.12, cssselect 1.2.0, parsel 1.7.0, w3lib 2.1.1, Twisted 22.10.0, Python 3.11.1 (tags/v3.11.1:a7a450f, Dec  6 2022, 19:58:39) [MSC v.1934 64 bit (AMD64)], pyOpenSSL 23.0.0 (OpenSSL 3.0.8 7 Feb 2023), cryptography 39.0.2, Platform Windows-10-10.0.19045-SP0\n2023-06-08 11:24:52 [scrapy.crawler] INFO: Overridden settings:\n{'BOT_NAME': 'mitre_cwe',\n 'FEED_EXPORT_ENCODING': 'utf-8',\n 'LOG_FILE': 'C:\\\\Users\\\\User\\\\Desktop\\\\Scrapping\\\\mitre_cwe\\\\logs\\\\mitre_cwe\\\\cwe_spider\\\\fa82da5805c011eebc85186024460aff.log',\n 'NEWSPIDER_MODULE': 'mitre_cwe.spiders',\n 'REQUEST_FINGERPRINTER_IMPLEMENTATION': '2.7',\n 'ROBOTSTXT_OBEY': True,\n 'SPIDER_MODULES': ['mitre_cwe.spiders'],\n 'TWISTED_REACTOR': 'twisted.internet.asyncioreactor.AsyncioSelectorReactor'}\n2023-06-08 11:24:52 [asyncio] DEBUG: Using selector: SelectSelector\n2023-06-08 11:24:52 [scrapy.utils.log] DEBUG: Using reactor: twisted.internet.asyncioreactor.AsyncioSelectorReactor\n2023-06-08 11:24:52 [scrapy.utils.log] DEBUG: Using asyncio event loop: asyncio.windows_events._WindowsSelectorEventLoop\n2023-06-08 11:24:52 [scrapy.extensions.telnet] INFO: Telnet Password: 7675f69f283377ea\n2023-06-08 11:24:52 [scrapy.extensions.feedexport] ERROR: Unknown feed storage scheme: c\n2023-06-08 11:24:52 [scrapy.middleware] INFO: Enabled extensions:\n['scrapy.extensions.corestats.CoreStats',\n 'scrapy.extensions.telnet.TelnetConsole',\n 'scrapy.extensions.logstats.LogStats']\n2023-06-08 11:24:52 [scrapy.middleware] INFO: Enabled downloader middlewares:\n['scrapy.downloadermiddlewares.robotstxt.RobotsTxtMiddleware',\n 'scrapy.downloadermiddlewares.httpauth.HttpAuthMiddleware',\n 'scrapy.downloadermiddlewares.downloadtimeout.DownloadTimeoutMiddleware',\n 'scrapy.downloadermiddlewares.defaultheaders.DefaultHeadersMiddleware',\n 'scrapy.downloadermiddlewares.useragent.UserAgentMiddleware',\n 'scrapy.downloadermiddlewares.retry.RetryMiddleware',\n 'scrapy.downloadermiddlewares.redirect.MetaRefreshMiddleware',\n 'scrapy.downloadermiddlewares.httpcompression.HttpCompressionMiddleware',\n 'scrapy.downloadermiddlewares.redirect.RedirectMiddleware',\n 'scrapy.downloadermiddlewares.cookies.CookiesMiddleware',\n 'scrapy.downloadermiddlewares.httpproxy.HttpProxyMiddleware',\n 'scrapy.downloadermiddlewares.stats.DownloaderStats']\n2023-06-08 11:24:52 [scrapy.middleware] INFO: Enabled spider middlewares:\n['scrapy.spidermiddlewares.httperror.HttpErrorMiddleware',\n 'scrapy.spidermiddlewares.offsite.OffsiteMiddleware',\n 'scrapy.spidermiddlewares.referer.RefererMiddleware',\n 'scrapy.spidermiddlewares.urllength.UrlLengthMiddleware',\n 'scrapy.spidermiddlewares.depth.DepthMiddleware']\n2023-06-08 11:24:52 [scrapy.middleware] INFO: Enabled item pipelines:\n['mitre_cwe.pipelines.MitreCwePipeline']\n2023-06-08 11:24:52 [scrapy.core.engine] INFO: Spider opened\n2023-06-08 11:24:52 [pymongo.ocsp_support] DEBUG: Peer did not staple an OCSP response\n2023-06-08 11:24:52 [pymongo.ocsp_support] DEBUG: Requesting OCSP data\n2023-06-08 11:24:52 [pymongo.ocsp_support] DEBUG: Trying http://r3.o.lencr.org\n2023-06-08 11:24:52 [pymongo.ocsp_support] DEBUG: Peer did not staple an OCSP response\n2023-06-08 11:24:52 [pymongo.ocsp_support] DEBUG: Requesting OCSP data\n2023-06-08 11:24:52 [pymongo.ocsp_support] DEBUG: Trying http://r3.o.lencr.org\n2023-06-08 11:24:52 [pymongo.ocsp_support] DEBUG: Peer did not staple an OCSP response\n2023-06-08 11:24:52 [pymongo.ocsp_support] DEBUG: Requesting OCSP data\n2023-06-08 11:24:52 [pymongo.ocsp_support] DEBUG: Trying http://r3.o.lencr.org\n2023-06-08 11:24:52 [urllib3.connectionpool] DEBUG: Starting new HTTP connection (1): r3.o.lencr.org:80\n2023-06-08 11:24:52 [urllib3.connectionpool] DEBUG: Starting new HTTP connection (1): r3.o.lencr.org:80\n2023-06-08 11:24:52 [urllib3.connectionpool] DEBUG: Starting new HTTP connection (1): r3.o.lencr.org:80\n2023-06-08 11:24:52 [urllib3.connectionpool] DEBUG: http://r3.o.lencr.org:80 \"POST / HTTP/1.1\" 200 503\n2023-06-08 11:24:52 [urllib3.connectionpool] DEBUG: http://r3.o.lencr.org:80 \"POST / HTTP/1.1\" 200 503\n2023-06-08 11:24:52 [pymongo.ocsp_support] DEBUG: OCSP response status: <OCSPResponseStatus.SUCCESSFUL: 0>\n2023-06-08 11:24:52 [pymongo.ocsp_support] DEBUG: Verifying response\n2023-06-08 11:24:52 [pymongo.ocsp_support] DEBUG: Responder is issuer\n2023-06-08 11:24:52 [urllib3.connectionpool] DEBUG: http://r3.o.lencr.org:80 \"POST / HTTP/1.1\" 200 503\n2023-06-08 11:24:52 [pymongo.ocsp_support] DEBUG: OCSP response status: <OCSPResponseStatus.SUCCESSFUL: 0>\n2023-06-08 11:24:52 [pymongo.ocsp_support] DEBUG: OCSP response status: <OCSPResponseStatus.SUCCESSFUL: 0>\n2023-06-08 11:24:52 [pymongo.ocsp_support] DEBUG: Verifying response\n2023-06-08 11:24:52 [pymongo.ocsp_support] DEBUG: Verifying response\n2023-06-08 11:24:52 [pymongo.ocsp_support] DEBUG: Responder is issuer\n2023-06-08 11:24:52 [pymongo.ocsp_support] DEBUG: Responder is issuer\n2023-06-08 11:24:52 [pymongo.ocsp_support] DEBUG: Caching OCSP response.\n2023-06-08 11:24:52 [pymongo.ocsp_support] DEBUG: OCSP cert status: <OCSPCertStatus.GOOD: 0>\n2023-06-08 11:24:52 [pymongo.ocsp_support] DEBUG: Caching OCSP response.\n2023-06-08 11:24:52 [pymongo.ocsp_support] DEBUG: OCSP cert status: <OCSPCertStatus.GOOD: 0>\n2023-06-08 11:24:52 [pymongo.ocsp_support] DEBUG: Caching OCSP response.\n2023-06-08 11:24:52 [pymongo.ocsp_support] DEBUG: OCSP cert status: <OCSPCertStatus.GOOD: 0>\n2023-06-08 11:24:52 [scrapy.extensions.logstats] INFO: Crawled 0 pages (at 0 pages/min), scraped 0 items (at 0 items/min)\n2023-06-08 11:24:52 [scrapy.extensions.telnet] INFO: Telnet console listening on 127.0.0.1:6023\n2023-06-08 11:24:53 [pymongo.ocsp_support] DEBUG: Peer did not staple an OCSP response\n2023-06-08 11:24:53 [pymongo.ocsp_support] DEBUG: Requesting OCSP data\n2023-06-08 11:24:53 [pymongo.ocsp_support] DEBUG: Trying http://r3.o.lencr.org\n2023-06-08 11:24:53 [pymongo.ocsp_support] DEBUG: Using cached OCSP response.\n2023-06-08 11:24:53 [pymongo.ocsp_support] DEBUG: OCSP cert status: <OCSPCertStatus.GOOD: 0>\n2023-06-08 11:24:53 [pymongo.ocsp_support] DEBUG: Peer did not staple an OCSP response\n2023-06-08 11:24:53 [pymongo.ocsp_support] DEBUG: Requesting OCSP data\n2023-06-08 11:24:53 [pymongo.ocsp_support] DEBUG: Trying http://r3.o.lencr.org\n2023-06-08 11:24:53 [pymongo.ocsp_support] DEBUG: Using cached OCSP response.\n2023-06-08 11:24:53 [pymongo.ocsp_support] DEBUG: OCSP cert status: <OCSPCertStatus.GOOD: 0>\n2023-06-08 11:24:53 [pymongo.ocsp_support] DEBUG: Peer did not staple an OCSP response\n2023-06-08 11:24:53 [pymongo.ocsp_support] DEBUG: Requesting OCSP data\n2023-06-08 11:24:53 [pymongo.ocsp_support] DEBUG: Trying http://r3.o.lencr.org\n2023-06-08 11:24:53 [pymongo.ocsp_support] DEBUG: Using cached OCSP response.\n2023-06-08 11:24:53 [pymongo.ocsp_support] DEBUG: OCSP cert status: <OCSPCertStatus.GOOD: 0>\n2023-06-08 11:24:54 [scrapy.core.engine] DEBUG: Crawled (200) <GET https://cwe.mitre.org/robots.txt> (referer: None)\n2023-06-08 11:24:54 [scrapy.core.engine] DEBUG: Crawled (200) <GET https://cwe.mitre.org/data/archive.html> (referer: None)\n2023-06-08 11:24:54 [pymongo.ocsp_support] DEBUG: Peer did not staple an OCSP response\n2023-06-08 11:24:54 [pymongo.ocsp_support] DEBUG: Requesting OCSP data\n2023-06-08 11:24:54 [pymongo.ocsp_support] DEBUG: Trying http://r3.o.lencr.org\n2023-06-08 11:24:54 [pymongo.ocsp_support] DEBUG: Using cached OCSP response.\n2023-06-08 11:24:54 [pymongo.ocsp_support] DEBUG: OCSP cert status: <OCSPCertStatus.GOOD: 0>\n2023-06-08 11:24:54 [scrapy.core.scraper] DEBUG: Scraped from <200 https://cwe.mitre.org/data/archive.html>\n\n{'date': '08 Jun 2023',\n 'links': '/data/xml/cwec_v4.11.xml.zip',\n 'time': '11:24',",
    "tail": "2023-06-08 11:24:52 [scrapy.utils.log] INFO: Scrapy 2.8.0 started (bot: mitre_cwe)\n2023-06-08 11:24:52 [scrapy.utils.log] INFO: Versions: lxml 4.9.2.0, libxml2 2.9.12, cssselect 1.2.0, parsel 1.7.0, w3lib 2.1.1, Twisted 22.10.0, Python 3.11.1 (tags/v3.11.1:a7a450f, Dec  6 2022, 19:58:39) [MSC v.1934 64 bit (AMD64)], pyOpenSSL 23.0.0 (OpenSSL 3.0.8 7 Feb 2023), cryptography 39.0.2, Platform Windows-10-10.0.19045-SP0\n2023-06-08 11:24:52 [scrapy.crawler] INFO: Overridden settings:\n{'BOT_NAME': 'mitre_cwe',\n 'FEED_EXPORT_ENCODING': 'utf-8',\n 'LOG_FILE': 'C:\\\\Users\\\\User\\\\Desktop\\\\Scrapping\\\\mitre_cwe\\\\logs\\\\mitre_cwe\\\\cwe_spider\\\\fa82da5805c011eebc85186024460aff.log',\n 'NEWSPIDER_MODULE': 'mitre_cwe.spiders',\n 'REQUEST_FINGERPRINTER_IMPLEMENTATION': '2.7',\n 'ROBOTSTXT_OBEY': True,\n 'SPIDER_MODULES': ['mitre_cwe.spiders'],\n 'TWISTED_REACTOR': 'twisted.internet.asyncioreactor.AsyncioSelectorReactor'}\n2023-06-08 11:24:52 [asyncio] DEBUG: Using selector: SelectSelector\n2023-06-08 11:24:52 [scrapy.utils.log] DEBUG: Using reactor: twisted.internet.asyncioreactor.AsyncioSelectorReactor\n2023-06-08 11:24:52 [scrapy.utils.log] DEBUG: Using asyncio event loop: asyncio.windows_events._WindowsSelectorEventLoop\n2023-06-08 11:24:52 [scrapy.extensions.telnet] INFO: Telnet Password: 7675f69f283377ea\n2023-06-08 11:24:52 [scrapy.extensions.feedexport] ERROR: Unknown feed storage scheme: c\n2023-06-08 11:24:52 [scrapy.middleware] INFO: Enabled extensions:\n['scrapy.extensions.corestats.CoreStats',\n 'scrapy.extensions.telnet.TelnetConsole',\n 'scrapy.extensions.logstats.LogStats']\n2023-06-08 11:24:52 [scrapy.middleware] INFO: Enabled downloader middlewares:\n['scrapy.downloadermiddlewares.robotstxt.RobotsTxtMiddleware',\n 'scrapy.downloadermiddlewares.httpauth.HttpAuthMiddleware',\n 'scrapy.downloadermiddlewares.downloadtimeout.DownloadTimeoutMiddleware',\n 'scrapy.downloadermiddlewares.defaultheaders.DefaultHeadersMiddleware',\n 'scrapy.downloadermiddlewares.useragent.UserAgentMiddleware',\n 'scrapy.downloadermiddlewares.retry.RetryMiddleware',\n 'scrapy.downloadermiddlewares.redirect.MetaRefreshMiddleware',\n 'scrapy.downloadermiddlewares.httpcompression.HttpCompressionMiddleware',\n 'scrapy.downloadermiddlewares.redirect.RedirectMiddleware',\n 'scrapy.downloadermiddlewares.cookies.CookiesMiddleware',\n 'scrapy.downloadermiddlewares.httpproxy.HttpProxyMiddleware',\n 'scrapy.downloadermiddlewares.stats.DownloaderStats']\n2023-06-08 11:24:52 [scrapy.middleware] INFO: Enabled spider middlewares:\n['scrapy.spidermiddlewares.httperror.HttpErrorMiddleware',\n 'scrapy.spidermiddlewares.offsite.OffsiteMiddleware',\n 'scrapy.spidermiddlewares.referer.RefererMiddleware',\n 'scrapy.spidermiddlewares.urllength.UrlLengthMiddleware',\n 'scrapy.spidermiddlewares.depth.DepthMiddleware']\n2023-06-08 11:24:52 [scrapy.middleware] INFO: Enabled item pipelines:\n['mitre_cwe.pipelines.MitreCwePipeline']\n2023-06-08 11:24:52 [scrapy.core.engine] INFO: Spider opened\n2023-06-08 11:24:52 [pymongo.ocsp_support] DEBUG: Peer did not staple an OCSP response\n2023-06-08 11:24:52 [pymongo.ocsp_support] DEBUG: Requesting OCSP data\n2023-06-08 11:24:52 [pymongo.ocsp_support] DEBUG: Trying http://r3.o.lencr.org\n2023-06-08 11:24:52 [pymongo.ocsp_support] DEBUG: Peer did not staple an OCSP response\n2023-06-08 11:24:52 [pymongo.ocsp_support] DEBUG: Requesting OCSP data\n2023-06-08 11:24:52 [pymongo.ocsp_support] DEBUG: Trying http://r3.o.lencr.org\n2023-06-08 11:24:52 [pymongo.ocsp_support] DEBUG: Peer did not staple an OCSP response\n2023-06-08 11:24:52 [pymongo.ocsp_support] DEBUG: Requesting OCSP data\n2023-06-08 11:24:52 [pymongo.ocsp_support] DEBUG: Trying http://r3.o.lencr.org\n2023-06-08 11:24:52 [urllib3.connectionpool] DEBUG: Starting new HTTP connection (1): r3.o.lencr.org:80\n2023-06-08 11:24:52 [urllib3.connectionpool] DEBUG: Starting new HTTP connection (1): r3.o.lencr.org:80\n2023-06-08 11:24:52 [urllib3.connectionpool] DEBUG: Starting new HTTP connection (1): r3.o.lencr.org:80\n2023-06-08 11:24:52 [urllib3.connectionpool] DEBUG: http://r3.o.lencr.org:80 \"POST / HTTP/1.1\" 200 503\n2023-06-08 11:24:52 [urllib3.connectionpool] DEBUG: http://r3.o.lencr.org:80 \"POST / HTTP/1.1\" 200 503\n2023-06-08 11:24:52 [pymongo.ocsp_support] DEBUG: OCSP response status: <OCSPResponseStatus.SUCCESSFUL: 0>\n2023-06-08 11:24:52 [pymongo.ocsp_support] DEBUG: Verifying response\n2023-06-08 11:24:52 [pymongo.ocsp_support] DEBUG: Responder is issuer\n2023-06-08 11:24:52 [urllib3.connectionpool] DEBUG: http://r3.o.lencr.org:80 \"POST / HTTP/1.1\" 200 503\n2023-06-08 11:24:52 [pymongo.ocsp_support] DEBUG: OCSP response status: <OCSPResponseStatus.SUCCESSFUL: 0>\n2023-06-08 11:24:52 [pymongo.ocsp_support] DEBUG: OCSP response status: <OCSPResponseStatus.SUCCESSFUL: 0>\n2023-06-08 11:24:52 [pymongo.ocsp_support] DEBUG: Verifying response\n2023-06-08 11:24:52 [pymongo.ocsp_support] DEBUG: Verifying response\n2023-06-08 11:24:52 [pymongo.ocsp_support] DEBUG: Responder is issuer\n2023-06-08 11:24:52 [pymongo.ocsp_support] DEBUG: Responder is issuer\n2023-06-08 11:24:52 [pymongo.ocsp_support] DEBUG: Caching OCSP response.\n2023-06-08 11:24:52 [pymongo.ocsp_support] DEBUG: OCSP cert status: <OCSPCertStatus.GOOD: 0>\n2023-06-08 11:24:52 [pymongo.ocsp_support] DEBUG: Caching OCSP response.\n2023-06-08 11:24:52 [pymongo.ocsp_support] DEBUG: OCSP cert status: <OCSPCertStatus.GOOD: 0>\n2023-06-08 11:24:52 [pymongo.ocsp_support] DEBUG: Caching OCSP response.\n2023-06-08 11:24:52 [pymongo.ocsp_support] DEBUG: OCSP cert status: <OCSPCertStatus.GOOD: 0>\n2023-06-08 11:24:52 [scrapy.extensions.logstats] INFO: Crawled 0 pages (at 0 pages/min), scraped 0 items (at 0 items/min)\n2023-06-08 11:24:52 [scrapy.extensions.telnet] INFO: Telnet console listening on 127.0.0.1:6023\n2023-06-08 11:24:53 [pymongo.ocsp_support] DEBUG: Peer did not staple an OCSP response\n2023-06-08 11:24:53 [pymongo.ocsp_support] DEBUG: Requesting OCSP data\n2023-06-08 11:24:53 [pymongo.ocsp_support] DEBUG: Trying http://r3.o.lencr.org\n2023-06-08 11:24:53 [pymongo.ocsp_support] DEBUG: Using cached OCSP response.\n2023-06-08 11:24:53 [pymongo.ocsp_support] DEBUG: OCSP cert status: <OCSPCertStatus.GOOD: 0>\n2023-06-08 11:24:53 [pymongo.ocsp_support] DEBUG: Peer did not staple an OCSP response\n2023-06-08 11:24:53 [pymongo.ocsp_support] DEBUG: Requesting OCSP data\n2023-06-08 11:24:53 [pymongo.ocsp_support] DEBUG: Trying http://r3.o.lencr.org\n2023-06-08 11:24:53 [pymongo.ocsp_support] DEBUG: Using cached OCSP response.\n2023-06-08 11:24:53 [pymongo.ocsp_support] DEBUG: OCSP cert status: <OCSPCertStatus.GOOD: 0>\n2023-06-08 11:24:53 [pymongo.ocsp_support] DEBUG: Peer did not staple an OCSP response\n2023-06-08 11:24:53 [pymongo.ocsp_support] DEBUG: Requesting OCSP data\n2023-06-08 11:24:53 [pymongo.ocsp_support] DEBUG: Trying http://r3.o.lencr.org\n2023-06-08 11:24:53 [pymongo.ocsp_support] DEBUG: Using cached OCSP response.\n2023-06-08 11:24:53 [pymongo.ocsp_support] DEBUG: OCSP cert status: <OCSPCertStatus.GOOD: 0>\n2023-06-08 11:24:54 [scrapy.core.engine] DEBUG: Crawled (200) <GET https://cwe.mitre.org/robots.txt> (referer: None)\n2023-06-08 11:24:54 [scrapy.core.engine] DEBUG: Crawled (200) <GET https://cwe.mitre.org/data/archive.html> (referer: None)\n2023-06-08 11:24:54 [pymongo.ocsp_support] DEBUG: Peer did not staple an OCSP response\n2023-06-08 11:24:54 [pymongo.ocsp_support] DEBUG: Requesting OCSP data\n2023-06-08 11:24:54 [pymongo.ocsp_support] DEBUG: Trying http://r3.o.lencr.org\n2023-06-08 11:24:54 [pymongo.ocsp_support] DEBUG: Using cached OCSP response.\n2023-06-08 11:24:54 [pymongo.ocsp_support] DEBUG: OCSP cert status: <OCSPCertStatus.GOOD: 0>\n2023-06-08 11:24:54 [scrapy.core.scraper] DEBUG: Scraped from <200 https://cwe.mitre.org/data/archive.html>\n\n{'date': '08 Jun 2023',\n 'links': '/data/xml/cwec_v4.11.xml.zip',\n 'time': '11:24',\n 'versions': 'Version 4.11'}\n2023-06-08 11:24:54 [scrapy.core.engine] INFO: Closing spider (finished)\n2023-06-08 11:24:54 [scrapy.statscollectors] INFO: Dumping Scrapy stats:\n{'downloader/request_bytes': 588,\n 'downloader/request_count': 2,\n 'downloader/request_method_count/GET': 2,\n 'downloader/response_bytes': 39421,\n 'downloader/response_count': 2,\n 'downloader/response_status_count/200': 2,\n 'elapsed_time_seconds': 1.67334,\n 'finish_reason': 'finished',\n 'finish_time': datetime.datetime(2023, 6, 8, 5, 54, 54, 658232),\n 'item_scraped_count': 1,\n 'log_count/DEBUG': 56,\n 'log_count/ERROR': 1,\n 'log_count/INFO': 10,\n 'response_received_count': 2,\n 'robotstxt/request_count': 1,\n 'robotstxt/response_count': 1,\n 'robotstxt/response_status_count/200': 1,\n 'scheduler/dequeued': 1,\n 'scheduler/dequeued/memory': 1,\n 'scheduler/enqueued': 1,\n 'scheduler/enqueued/memory': 1,\n 'start_time': datetime.datetime(2023, 6, 8, 5, 54, 52, 984892)}\n2023-06-08 11:24:54 [scrapy.core.engine] INFO: Spider closed (finished)\n",
    "first_log_time": "2023-06-08 11:24:52",
    "latest_log_time": "2023-06-08 11:24:54",
    "runtime": "0:00:02",
    "first_log_timestamp": 1686203692,
    "latest_log_timestamp": 1686203694,
    "datas": [
        [
            "2023-06-08 11:24:52",
            0,
            0,
            0,
            0
        ]
    ],
    "pages": 2,
    "items": 1,
    "latest_matches": {
        "scrapy_version": "2.8.0",
        "telnet_console": "127.0.0.1:6023",
        "telnet_username": "",
        "telnet_password": "7675f69f283377ea",
        "resuming_crawl": "",
        "latest_offsite": "",
        "latest_duplicate": "",
        "latest_crawl": "2023-06-08 11:24:54 [scrapy.core.engine] DEBUG: Crawled (200) <GET https://cwe.mitre.org/data/archive.html> (referer: None)",
        "latest_scrape": "2023-06-08 11:24:54 [scrapy.core.scraper] DEBUG: Scraped from <200 https://cwe.mitre.org/data/archive.html>",
        "latest_item": "",
        "latest_stat": "2023-06-08 11:24:52 [scrapy.extensions.logstats] INFO: Crawled 0 pages (at 0 pages/min), scraped 0 items (at 0 items/min)"
    },
    "latest_crawl_timestamp": 1686203694,
    "latest_scrape_timestamp": 1686203694,
    "log_categories": {
        "critical_logs": {
            "count": 0,
            "details": []
        },
        "error_logs": {
            "count": 1,
            "details": [
                "2023-06-08 11:24:52 [scrapy.extensions.feedexport] ERROR: Unknown feed storage scheme: c"
            ]
        },
        "warning_logs": {
            "count": 0,
            "details": []
        },
        "redirect_logs": {
            "count": 0,
            "details": []
        },
        "retry_logs": {
            "count": 0,
            "details": []
        },
        "ignore_logs": {
            "count": 0,
            "details": []
        }
    },
    "shutdown_reason": "N/A",
    "finish_reason": "finished",
    "crawler_stats": {
        "source": "log",
        "last_update_time": "2023-06-08 11:24:54",
        "last_update_timestamp": 1686203694,
        "downloader/request_bytes": 588,
        "downloader/request_count": 2,
        "downloader/request_method_count/GET": 2,
        "downloader/response_bytes": 39421,
        "downloader/response_count": 2,
        "downloader/response_status_count/200": 2,
        "elapsed_time_seconds": 1.67334,
        "finish_reason": "finished",
        "finish_time": "datetime.datetime(2023, 6, 8, 5, 54, 54, 658232)",
        "item_scraped_count": 1,
        "log_count/DEBUG": 56,
        "log_count/ERROR": 1,
        "log_count/INFO": 10,
        "response_received_count": 2,
        "robotstxt/request_count": 1,
        "robotstxt/response_count": 1,
        "robotstxt/response_status_count/200": 1,
        "scheduler/dequeued": 1,
        "scheduler/dequeued/memory": 1,
        "scheduler/enqueued": 1,
        "scheduler/enqueued/memory": 1,
        "start_time": "datetime.datetime(2023, 6, 8, 5, 54, 52, 984892)"
    },
    "last_update_time": "2023-06-08 11:25:27",
    "last_update_timestamp": 1686203727,
    "logparser_version": "0.8.2",
    "crawler_engine": {}
}